Stock1,Stock2,Correlation
ADANIPORTS,APOLLOHOSP,0.815
ADANIPORTS,ASIANPAINT,-0.247
ADANIPORTS,AXISBANK,0.77
ADANIPORTS,BAJAJ-AUTO,0.888
ADANIPORTS,BAJAJFINSV,0.215
ADANIPORTS,BAJFINANCE,-0.486
ADANIPORTS,BEL,0.9
ADANIPORTS,BPCL,0.941
ADANIPORTS,CIPLA,0.894
ADANIPORTS,COALINDIA,0.959
ADANIPORTS,DRREDDY,0.833
ADANIPORTS,EICHERMOT,0.809
ADANIPORTS,GRASIM,0.859
ADANIPORTS,HCLTECH,0.629
ADANIPORTS,HDFCBANK,0.316
ADANIPORTS,HDFCLIFE,0.17
ADANIPORTS,HEROMOTOCO,0.927
ADANIPORTS,HINDALCO,0.804
ADANIPORTS,HINDUNILVR,0.239
ADANIPORTS,ICICIBANK,0.832
ADANIPORTS,INDUSINDBK,-0.196
ADANIPORTS,INFY,0.605
ADANIPORTS,ITC,0.334
ADANIPORTS,JSWSTEEL,0.768
ADANIPORTS,KOTAKBANK,0.1
ADANIPORTS,LT,0.855
ADANIPORTS,M&M,0.803
ADANIPORTS,MARUTI,0.784
ADANIPORTS,NESTLEIND,0.358
ADANIPORTS,NTPC,0.928
ADANIPORTS,ONGC,0.933
ADANIPORTS,POWERGRID,0.943
ADANIPORTS,RELIANCE,0.9
ADANIPORTS,SBILIFE,0.682
ADANIPORTS,SBIN,0.925
ADANIPORTS,SHRIRAMFIN,0.794
ADANIPORTS,SUNPHARMA,0.833
ADANIPORTS,TATAMOTORS,0.917
ADANIPORTS,TATASTEEL,0.834
ADANIPORTS,TCS,0.817
ADANIPORTS,TECHM,0.659
ADANIPORTS,TITAN,0.215
ADANIPORTS,TRENT,0.779
ADANIPORTS,ULTRACEMCO,0.856
ADANIPORTS,WIPRO,0.799
APOLLOHOSP,ADANIPORTS,0.815
APOLLOHOSP,ASIANPAINT,-0.158
APOLLOHOSP,AXISBANK,0.607
APOLLOHOSP,BAJAJ-AUTO,0.894
APOLLOHOSP,BAJAJFINSV,0.509
APOLLOHOSP,BAJFINANCE,-0.411
APOLLOHOSP,BEL,0.752
APOLLOHOSP,BPCL,0.873
APOLLOHOSP,CIPLA,0.896
APOLLOHOSP,COALINDIA,0.8
APOLLOHOSP,DRREDDY,0.857
APOLLOHOSP,EICHERMOT,0.72
APOLLOHOSP,GRASIM,0.807
APOLLOHOSP,HCLTECH,0.913
APOLLOHOSP,HDFCBANK,0.429
APOLLOHOSP,HDFCLIFE,0.484
APOLLOHOSP,HEROMOTOCO,0.813
APOLLOHOSP,HINDALCO,0.722
APOLLOHOSP,HINDUNILVR,0.388
APOLLOHOSP,ICICIBANK,0.853
APOLLOHOSP,INDUSINDBK,-0.447
APOLLOHOSP,INFY,0.843
APOLLOHOSP,ITC,0.53
APOLLOHOSP,JSWSTEEL,0.8
APOLLOHOSP,KOTAKBANK,0.235
APOLLOHOSP,LT,0.713
APOLLOHOSP,M&M,0.759
APOLLOHOSP,MARUTI,0.564
APOLLOHOSP,NESTLEIND,0.167
APOLLOHOSP,NTPC,0.901
APOLLOHOSP,ONGC,0.796
APOLLOHOSP,POWERGRID,0.831
APOLLOHOSP,RELIANCE,0.645
APOLLOHOSP,SBILIFE,0.817
APOLLOHOSP,SBIN,0.74
APOLLOHOSP,SHRIRAMFIN,0.9
APOLLOHOSP,SUNPHARMA,0.948
APOLLOHOSP,TATAMOTORS,0.688
APOLLOHOSP,TATASTEEL,0.521
APOLLOHOSP,TCS,0.862
APOLLOHOSP,TECHM,0.85
APOLLOHOSP,TITAN,0.269
APOLLOHOSP,TRENT,0.878
APOLLOHOSP,ULTRACEMCO,0.83
APOLLOHOSP,WIPRO,0.907
ASIANPAINT,ADANIPORTS,-0.247
ASIANPAINT,APOLLOHOSP,-0.158
ASIANPAINT,AXISBANK,0.001
ASIANPAINT,BAJAJ-AUTO,-0.163
ASIANPAINT,BAJAJFINSV,0.463
ASIANPAINT,BAJFINANCE,0.609
ASIANPAINT,BEL,-0.246
ASIANPAINT,BPCL,-0.252
ASIANPAINT,CIPLA,-0.201
ASIANPAINT,COALINDIA,-0.2
ASIANPAINT,DRREDDY,-0.066
ASIANPAINT,EICHERMOT,-0.166
ASIANPAINT,GRASIM,-0.128
ASIANPAINT,HCLTECH,-0.084
ASIANPAINT,HDFCBANK,0.299
ASIANPAINT,HDFCLIFE,0.384
ASIANPAINT,HEROMOTOCO,-0.134
ASIANPAINT,HINDALCO,-0.083
ASIANPAINT,HINDUNILVR,0.61
ASIANPAINT,ICICIBANK,-0.211
ASIANPAINT,INDUSINDBK,0.442
ASIANPAINT,INFY,0.107
ASIANPAINT,ITC,0.461
ASIANPAINT,JSWSTEEL,-0.06
ASIANPAINT,KOTAKBANK,0.576
ASIANPAINT,LT,-0.141
ASIANPAINT,M&M,-0.212
ASIANPAINT,MARUTI,-0.3
ASIANPAINT,NESTLEIND,0.332
ASIANPAINT,NTPC,-0.148
ASIANPAINT,ONGC,-0.24
ASIANPAINT,POWERGRID,-0.266
ASIANPAINT,RELIANCE,-0.221
ASIANPAINT,SBILIFE,0.207
ASIANPAINT,SBIN,-0.427
ASIANPAINT,SHRIRAMFIN,-0.03
ASIANPAINT,SUNPHARMA,-0.21
ASIANPAINT,TATAMOTORS,-0.247
ASIANPAINT,TATASTEEL,-0.357
ASIANPAINT,TCS,-0.038
ASIANPAINT,TECHM,-0.031
ASIANPAINT,TITAN,0.371
ASIANPAINT,TRENT,-0.093
ASIANPAINT,ULTRACEMCO,0.017
ASIANPAINT,WIPRO,-0.231
AXISBANK,ADANIPORTS,0.77
AXISBANK,APOLLOHOSP,0.607
AXISBANK,ASIANPAINT,0.001
AXISBANK,BAJAJ-AUTO,0.743
AXISBANK,BAJAJFINSV,0.335
AXISBANK,BAJFINANCE,-0.155
AXISBANK,BEL,0.863
AXISBANK,BPCL,0.674
AXISBANK,CIPLA,0.695
AXISBANK,COALINDIA,0.738
AXISBANK,DRREDDY,0.644
AXISBANK,EICHERMOT,0.84
AXISBANK,GRASIM,0.848
AXISBANK,HCLTECH,0.453
AXISBANK,HDFCBANK,0.635
AXISBANK,HDFCLIFE,0.258
AXISBANK,HEROMOTOCO,0.837
AXISBANK,HINDALCO,0.835
AXISBANK,HINDUNILVR,0.474
AXISBANK,ICICIBANK,0.82
AXISBANK,INDUSINDBK,-0.205
AXISBANK,INFY,0.54
AXISBANK,ITC,0.464
AXISBANK,JSWSTEEL,0.811
AXISBANK,KOTAKBANK,0.276
AXISBANK,LT,0.653
AXISBANK,M&M,0.822
AXISBANK,MARUTI,0.597
AXISBANK,NESTLEIND,0.327
AXISBANK,NTPC,0.769
AXISBANK,ONGC,0.664
AXISBANK,POWERGRID,0.821
AXISBANK,RELIANCE,0.65
AXISBANK,SBILIFE,0.601
AXISBANK,SBIN,0.773
AXISBANK,SHRIRAMFIN,0.741
AXISBANK,SUNPHARMA,0.621
AXISBANK,TATAMOTORS,0.597
AXISBANK,TATASTEEL,0.71
AXISBANK,TCS,0.596
AXISBANK,TECHM,0.681
AXISBANK,TITAN,0.003
AXISBANK,TRENT,0.735
AXISBANK,ULTRACEMCO,0.868
AXISBANK,WIPRO,0.675
BAJAJ-AUTO,ADANIPORTS,0.888
BAJAJ-AUTO,APOLLOHOSP,0.894
BAJAJ-AUTO,ASIANPAINT,-0.163
BAJAJ-AUTO,AXISBANK,0.743
BAJAJ-AUTO,BAJAJFINSV,0.516
BAJAJ-AUTO,BAJFINANCE,-0.323
BAJAJ-AUTO,BEL,0.873
BAJAJ-AUTO,BPCL,0.924
BAJAJ-AUTO,CIPLA,0.952
BAJAJ-AUTO,COALINDIA,0.896
BAJAJ-AUTO,DRREDDY,0.834
BAJAJ-AUTO,EICHERMOT,0.848
BAJAJ-AUTO,GRASIM,0.902
BAJAJ-AUTO,HCLTECH,0.752
BAJAJ-AUTO,HDFCBANK,0.454
BAJAJ-AUTO,HDFCLIFE,0.384
BAJAJ-AUTO,HEROMOTOCO,0.931
BAJAJ-AUTO,HINDALCO,0.869
BAJAJ-AUTO,HINDUNILVR,0.424
BAJAJ-AUTO,ICICIBANK,0.92
BAJAJ-AUTO,INDUSINDBK,-0.348
BAJAJ-AUTO,INFY,0.726
BAJAJ-AUTO,ITC,0.521
BAJAJ-AUTO,JSWSTEEL,0.884
BAJAJ-AUTO,KOTAKBANK,0.171
BAJAJ-AUTO,LT,0.746
BAJAJ-AUTO,M&M,0.893
BAJAJ-AUTO,MARUTI,0.794
BAJAJ-AUTO,NESTLEIND,0.296
BAJAJ-AUTO,NTPC,0.956
BAJAJ-AUTO,ONGC,0.85
BAJAJ-AUTO,POWERGRID,0.932
BAJAJ-AUTO,RELIANCE,0.728
BAJAJ-AUTO,SBILIFE,0.822
BAJAJ-AUTO,SBIN,0.852
BAJAJ-AUTO,SHRIRAMFIN,0.937
BAJAJ-AUTO,SUNPHARMA,0.946
BAJAJ-AUTO,TATAMOTORS,0.786
BAJAJ-AUTO,TATASTEEL,0.745
BAJAJ-AUTO,TCS,0.823
BAJAJ-AUTO,TECHM,0.802
BAJAJ-AUTO,TITAN,0.2
BAJAJ-AUTO,TRENT,0.936
BAJAJ-AUTO,ULTRACEMCO,0.861
BAJAJ-AUTO,WIPRO,0.816
BAJAJFINSV,ADANIPORTS,0.215
BAJAJFINSV,APOLLOHOSP,0.509
BAJAJFINSV,ASIANPAINT,0.463
BAJAJFINSV,AXISBANK,0.335
BAJAJFINSV,BAJAJ-AUTO,0.516
BAJAJFINSV,BAJFINANCE,0.385
BAJAJFINSV,BEL,0.248
BAJAJFINSV,BPCL,0.324
BAJAJFINSV,CIPLA,0.407
BAJAJFINSV,COALINDIA,0.229
BAJAJFINSV,DRREDDY,0.377
BAJAJFINSV,EICHERMOT,0.354
BAJAJFINSV,GRASIM,0.434
BAJAJFINSV,HCLTECH,0.568
BAJAJFINSV,HDFCBANK,0.58
BAJAJFINSV,HDFCLIFE,0.698
BAJAJFINSV,HEROMOTOCO,0.344
BAJAJFINSV,HINDALCO,0.447
BAJAJFINSV,HINDUNILVR,0.644
BAJAJFINSV,ICICIBANK,0.489
BAJAJFINSV,INDUSINDBK,-0.155
BAJAJFINSV,INFY,0.595
BAJAJFINSV,ITC,0.705
BAJAJFINSV,JSWSTEEL,0.586
BAJAJFINSV,KOTAKBANK,0.534
BAJAJFINSV,LT,0.278
BAJAJFINSV,M&M,0.4
BAJAJFINSV,MARUTI,0.202
BAJAJFINSV,NESTLEIND,0.198
BAJAJFINSV,NTPC,0.46
BAJAJFINSV,ONGC,0.183
BAJAJFINSV,POWERGRID,0.297
BAJAJFINSV,RELIANCE,0.042
BAJAJFINSV,SBILIFE,0.689
BAJAJFINSV,SBIN,0.127
BAJAJFINSV,SHRIRAMFIN,0.618
BAJAJFINSV,SUNPHARMA,0.519
BAJAJFINSV,TATAMOTORS,0.088
BAJAJFINSV,TATASTEEL,0.066
BAJAJFINSV,TCS,0.417
BAJAJFINSV,TECHM,0.565
BAJAJFINSV,TITAN,0.357
BAJAJFINSV,TRENT,0.576
BAJAJFINSV,ULTRACEMCO,0.449
BAJAJFINSV,WIPRO,0.384
BAJFINANCE,ADANIPORTS,-0.486
BAJFINANCE,APOLLOHOSP,-0.411
BAJFINANCE,ASIANPAINT,0.609
BAJFINANCE,AXISBANK,-0.155
BAJFINANCE,BAJAJ-AUTO,-0.323
BAJFINANCE,BAJAJFINSV,0.385
BAJFINANCE,BEL,-0.353
BAJFINANCE,BPCL,-0.553
BAJFINANCE,CIPLA,-0.417
BAJFINANCE,COALINDIA,-0.511
BAJFINANCE,DRREDDY,-0.436
BAJFINANCE,EICHERMOT,-0.302
BAJFINANCE,GRASIM,-0.286
BAJFINANCE,HCLTECH,-0.346
BAJFINANCE,HDFCBANK,0.251
BAJFINANCE,HDFCLIFE,0.154
BAJFINANCE,HEROMOTOCO,-0.375
BAJFINANCE,HINDALCO,-0.202
BAJFINANCE,HINDUNILVR,0.28
BAJFINANCE,ICICIBANK,-0.303
BAJFINANCE,INDUSINDBK,0.291
BAJFINANCE,INFY,-0.226
BAJFINANCE,ITC,0.203
BAJFINANCE,JSWSTEEL,-0.156
BAJFINANCE,KOTAKBANK,0.378
BAJFINANCE,LT,-0.326
BAJFINANCE,M&M,-0.258
BAJFINANCE,MARUTI,-0.307
BAJFINANCE,NESTLEIND,0.027
BAJFINANCE,NTPC,-0.4
BAJFINANCE,ONGC,-0.532
BAJFINANCE,POWERGRID,-0.455
BAJFINANCE,RELIANCE,-0.473
BAJFINANCE,SBILIFE,-0.154
BAJFINANCE,SBIN,-0.518
BAJFINANCE,SHRIRAMFIN,-0.205
BAJFINANCE,SUNPHARMA,-0.418
BAJFINANCE,TATAMOTORS,-0.533
BAJFINANCE,TATASTEEL,-0.337
BAJFINANCE,TCS,-0.416
BAJFINANCE,TECHM,-0.219
BAJFINANCE,TITAN,0.039
BAJFINANCE,TRENT,-0.268
BAJFINANCE,ULTRACEMCO,-0.261
BAJFINANCE,WIPRO,-0.435
BEL,ADANIPORTS,0.9
BEL,APOLLOHOSP,0.752
BEL,ASIANPAINT,-0.246
BEL,AXISBANK,0.863
BEL,BAJAJ-AUTO,0.873
BEL,BAJAJFINSV,0.248
BEL,BAJFINANCE,-0.353
BEL,BPCL,0.84
BEL,CIPLA,0.861
BEL,COALINDIA,0.89
BEL,DRREDDY,0.78
BEL,EICHERMOT,0.935
BEL,GRASIM,0.946
BEL,HCLTECH,0.566
BEL,HDFCBANK,0.538
BEL,HDFCLIFE,0.3
BEL,HEROMOTOCO,0.9
BEL,HINDALCO,0.905
BEL,HINDUNILVR,0.382
BEL,ICICIBANK,0.909
BEL,INDUSINDBK,-0.415
BEL,INFY,0.618
BEL,ITC,0.476
BEL,JSWSTEEL,0.873
BEL,KOTAKBANK,0.114
BEL,LT,0.729
BEL,M&M,0.949
BEL,MARUTI,0.771
BEL,NESTLEIND,0.16
BEL,NTPC,0.906
BEL,ONGC,0.851
BEL,POWERGRID,0.958
BEL,RELIANCE,0.723
BEL,SBILIFE,0.682
BEL,SBIN,0.925
BEL,SHRIRAMFIN,0.842
BEL,SUNPHARMA,0.805
BEL,TATAMOTORS,0.761
BEL,TATASTEEL,0.812
BEL,TCS,0.723
BEL,TECHM,0.777
BEL,TITAN,-0.093
BEL,TRENT,0.863
BEL,ULTRACEMCO,0.895
BEL,WIPRO,0.751
BPCL,ADANIPORTS,0.941
BPCL,APOLLOHOSP,0.873
BPCL,ASIANPAINT,-0.252
BPCL,AXISBANK,0.674
BPCL,BAJAJ-AUTO,0.924
BPCL,BAJAJFINSV,0.324
BPCL,BAJFINANCE,-0.553
BPCL,BEL,0.84
BPCL,CIPLA,0.931
BPCL,COALINDIA,0.961
BPCL,DRREDDY,0.871
BPCL,EICHERMOT,0.801
BPCL,GRASIM,0.845
BPCL,HCLTECH,0.708
BPCL,HDFCBANK,0.253
BPCL,HDFCLIFE,0.258
BPCL,HEROMOTOCO,0.903
BPCL,HINDALCO,0.775
BPCL,HINDUNILVR,0.266
BPCL,ICICIBANK,0.838
BPCL,INDUSINDBK,-0.281
BPCL,INFY,0.667
BPCL,ITC,0.357
BPCL,JSWSTEEL,0.774
BPCL,KOTAKBANK,0.028
BPCL,LT,0.768
BPCL,M&M,0.8
BPCL,MARUTI,0.805
BPCL,NESTLEIND,0.3
BPCL,NTPC,0.941
BPCL,ONGC,0.933
BPCL,POWERGRID,0.935
BPCL,RELIANCE,0.833
BPCL,SBILIFE,0.764
BPCL,SBIN,0.898
BPCL,SHRIRAMFIN,0.835
BPCL,SUNPHARMA,0.909
BPCL,TATAMOTORS,0.897
BPCL,TATASTEEL,0.768
BPCL,TCS,0.86
BPCL,TECHM,0.697
BPCL,TITAN,0.235
BPCL,TRENT,0.838
BPCL,ULTRACEMCO,0.805
BPCL,WIPRO,0.807
CIPLA,ADANIPORTS,0.894
CIPLA,APOLLOHOSP,0.896
CIPLA,ASIANPAINT,-0.201
CIPLA,AXISBANK,0.695
CIPLA,BAJAJ-AUTO,0.952
CIPLA,BAJAJFINSV,0.407
CIPLA,BAJFINANCE,-0.417
CIPLA,BEL,0.861
CIPLA,BPCL,0.931
CIPLA,COALINDIA,0.907
CIPLA,DRREDDY,0.877
CIPLA,EICHERMOT,0.786
CIPLA,GRASIM,0.87
CIPLA,HCLTECH,0.769
CIPLA,HDFCBANK,0.355
CIPLA,HDFCLIFE,0.363
CIPLA,HEROMOTOCO,0.917
CIPLA,HINDALCO,0.783
CIPLA,HINDUNILVR,0.413
CIPLA,ICICIBANK,0.875
CIPLA,INDUSINDBK,-0.35
CIPLA,INFY,0.757
CIPLA,ITC,0.474
CIPLA,JSWSTEEL,0.807
CIPLA,KOTAKBANK,0.109
CIPLA,LT,0.736
CIPLA,M&M,0.857
CIPLA,MARUTI,0.741
CIPLA,NESTLEIND,0.279
CIPLA,NTPC,0.922
CIPLA,ONGC,0.884
CIPLA,POWERGRID,0.923
CIPLA,RELIANCE,0.755
CIPLA,SBILIFE,0.818
CIPLA,SBIN,0.846
CIPLA,SHRIRAMFIN,0.908
CIPLA,SUNPHARMA,0.934
CIPLA,TATAMOTORS,0.812
CIPLA,TATASTEEL,0.698
CIPLA,TCS,0.861
CIPLA,TECHM,0.791
CIPLA,TITAN,0.193
CIPLA,TRENT,0.897
CIPLA,ULTRACEMCO,0.853
CIPLA,WIPRO,0.839
COALINDIA,ADANIPORTS,0.959
COALINDIA,APOLLOHOSP,0.8
COALINDIA,ASIANPAINT,-0.2
COALINDIA,AXISBANK,0.738
COALINDIA,BAJAJ-AUTO,0.896
COALINDIA,BAJAJFINSV,0.229
COALINDIA,BAJFINANCE,-0.511
COALINDIA,BEL,0.89
COALINDIA,BPCL,0.961
COALINDIA,CIPLA,0.907
COALINDIA,DRREDDY,0.867
COALINDIA,EICHERMOT,0.827
COALINDIA,GRASIM,0.864
COALINDIA,HCLTECH,0.599
COALINDIA,HDFCBANK,0.267
COALINDIA,HDFCLIFE,0.201
COALINDIA,HEROMOTOCO,0.93
COALINDIA,HINDALCO,0.814
COALINDIA,HINDUNILVR,0.312
COALINDIA,ICICIBANK,0.809
COALINDIA,INDUSINDBK,-0.191
COALINDIA,INFY,0.615
COALINDIA,ITC,0.367
COALINDIA,JSWSTEEL,0.759
COALINDIA,KOTAKBANK,0.073
COALINDIA,LT,0.766
COALINDIA,M&M,0.816
COALINDIA,MARUTI,0.83
COALINDIA,NESTLEIND,0.367
COALINDIA,NTPC,0.926
COALINDIA,ONGC,0.961
COALINDIA,POWERGRID,0.949
COALINDIA,RELIANCE,0.881
COALINDIA,SBILIFE,0.728
COALINDIA,SBIN,0.905
COALINDIA,SHRIRAMFIN,0.807
COALINDIA,SUNPHARMA,0.839
COALINDIA,TATAMOTORS,0.928
COALINDIA,TATASTEEL,0.82
COALINDIA,TCS,0.82
COALINDIA,TECHM,0.66
COALINDIA,TITAN,0.175
COALINDIA,TRENT,0.805
COALINDIA,ULTRACEMCO,0.833
COALINDIA,WIPRO,0.746
DRREDDY,ADANIPORTS,0.833
DRREDDY,APOLLOHOSP,0.857
DRREDDY,ASIANPAINT,-0.066
DRREDDY,AXISBANK,0.644
DRREDDY,BAJAJ-AUTO,0.834
DRREDDY,BAJAJFINSV,0.377
DRREDDY,BAJFINANCE,-0.436
DRREDDY,BEL,0.78
DRREDDY,BPCL,0.871
DRREDDY,CIPLA,0.877
DRREDDY,COALINDIA,0.867
DRREDDY,EICHERMOT,0.713
DRREDDY,GRASIM,0.86
DRREDDY,HCLTECH,0.766
DRREDDY,HDFCBANK,0.375
DRREDDY,HDFCLIFE,0.505
DRREDDY,HEROMOTOCO,0.799
DRREDDY,HINDALCO,0.677
DRREDDY,HINDUNILVR,0.503
DRREDDY,ICICIBANK,0.811
DRREDDY,INDUSINDBK,-0.325
DRREDDY,INFY,0.822
DRREDDY,ITC,0.553
DRREDDY,JSWSTEEL,0.713
DRREDDY,KOTAKBANK,0.197
DRREDDY,LT,0.647
DRREDDY,M&M,0.757
DRREDDY,MARUTI,0.665
DRREDDY,NESTLEIND,0.298
DRREDDY,NTPC,0.872
DRREDDY,ONGC,0.905
DRREDDY,POWERGRID,0.857
DRREDDY,RELIANCE,0.729
DRREDDY,SBILIFE,0.87
DRREDDY,SBIN,0.764
DRREDDY,SHRIRAMFIN,0.855
DRREDDY,SUNPHARMA,0.881
DRREDDY,TATAMOTORS,0.811
DRREDDY,TATASTEEL,0.547
DRREDDY,TCS,0.906
DRREDDY,TECHM,0.784
DRREDDY,TITAN,0.172
DRREDDY,TRENT,0.829
DRREDDY,ULTRACEMCO,0.835
DRREDDY,WIPRO,0.821
EICHERMOT,ADANIPORTS,0.809
EICHERMOT,APOLLOHOSP,0.72
EICHERMOT,ASIANPAINT,-0.166
EICHERMOT,AXISBANK,0.84
EICHERMOT,BAJAJ-AUTO,0.848
EICHERMOT,BAJAJFINSV,0.354
EICHERMOT,BAJFINANCE,-0.302
EICHERMOT,BEL,0.935
EICHERMOT,BPCL,0.801
EICHERMOT,CIPLA,0.786
EICHERMOT,COALINDIA,0.827
EICHERMOT,DRREDDY,0.713
EICHERMOT,GRASIM,0.921
EICHERMOT,HCLTECH,0.517
EICHERMOT,HDFCBANK,0.605
EICHERMOT,HDFCLIFE,0.369
EICHERMOT,HEROMOTOCO,0.847
EICHERMOT,HINDALCO,0.922
EICHERMOT,HINDUNILVR,0.409
EICHERMOT,ICICIBANK,0.897
EICHERMOT,INDUSINDBK,-0.455
EICHERMOT,INFY,0.578
EICHERMOT,ITC,0.545
EICHERMOT,JSWSTEEL,0.9
EICHERMOT,KOTAKBANK,0.097
EICHERMOT,LT,0.649
EICHERMOT,M&M,0.932
EICHERMOT,MARUTI,0.763
EICHERMOT,NESTLEIND,0.105
EICHERMOT,NTPC,0.881
EICHERMOT,ONGC,0.77
EICHERMOT,POWERGRID,0.911
EICHERMOT,RELIANCE,0.598
EICHERMOT,SBILIFE,0.691
EICHERMOT,SBIN,0.868
EICHERMOT,SHRIRAMFIN,0.819
EICHERMOT,SUNPHARMA,0.778
EICHERMOT,TATAMOTORS,0.676
EICHERMOT,TATASTEEL,0.763
EICHERMOT,TCS,0.67
EICHERMOT,TECHM,0.767
EICHERMOT,TITAN,-0.112
EICHERMOT,TRENT,0.865
EICHERMOT,ULTRACEMCO,0.844
EICHERMOT,WIPRO,0.664
GRASIM,ADANIPORTS,0.859
GRASIM,APOLLOHOSP,0.807
GRASIM,ASIANPAINT,-0.128
GRASIM,AXISBANK,0.848
GRASIM,BAJAJ-AUTO,0.902
GRASIM,BAJAJFINSV,0.434
GRASIM,BAJFINANCE,-0.286
GRASIM,BEL,0.946
GRASIM,BPCL,0.845
GRASIM,CIPLA,0.87
GRASIM,COALINDIA,0.864
GRASIM,DRREDDY,0.86
GRASIM,EICHERMOT,0.921
GRASIM,HCLTECH,0.666
GRASIM,HDFCBANK,0.589
GRASIM,HDFCLIFE,0.471
GRASIM,HEROMOTOCO,0.884
GRASIM,HINDALCO,0.899
GRASIM,HINDUNILVR,0.513
GRASIM,ICICIBANK,0.956
GRASIM,INDUSINDBK,-0.449
GRASIM,INFY,0.742
GRASIM,ITC,0.612
GRASIM,JSWSTEEL,0.904
GRASIM,KOTAKBANK,0.2
GRASIM,LT,0.677
GRASIM,M&M,0.945
GRASIM,MARUTI,0.758
GRASIM,NESTLEIND,0.184
GRASIM,NTPC,0.927
GRASIM,ONGC,0.85
GRASIM,POWERGRID,0.946
GRASIM,RELIANCE,0.676
GRASIM,SBILIFE,0.813
GRASIM,SBIN,0.875
GRASIM,SHRIRAMFIN,0.916
GRASIM,SUNPHARMA,0.874
GRASIM,TATAMOTORS,0.736
GRASIM,TATASTEEL,0.72
GRASIM,TCS,0.796
GRASIM,TECHM,0.858
GRASIM,TITAN,-0.033
GRASIM,TRENT,0.925
GRASIM,ULTRACEMCO,0.921
GRASIM,WIPRO,0.796
HCLTECH,ADANIPORTS,0.629
HCLTECH,APOLLOHOSP,0.913
HCLTECH,ASIANPAINT,-0.084
HCLTECH,AXISBANK,0.453
HCLTECH,BAJAJ-AUTO,0.752
HCLTECH,BAJAJFINSV,0.568
HCLTECH,BAJFINANCE,-0.346
HCLTECH,BEL,0.566
HCLTECH,BPCL,0.708
HCLTECH,CIPLA,0.769
HCLTECH,COALINDIA,0.599
HCLTECH,DRREDDY,0.766
HCLTECH,EICHERMOT,0.517
HCLTECH,GRASIM,0.666
HCLTECH,HDFCBANK,0.448
HCLTECH,HDFCLIFE,0.605
HCLTECH,HEROMOTOCO,0.639
HCLTECH,HINDALCO,0.555
HCLTECH,HINDUNILVR,0.436
HCLTECH,ICICIBANK,0.744
HCLTECH,INDUSINDBK,-0.478
HCLTECH,INFY,0.912
HCLTECH,ITC,0.558
HCLTECH,JSWSTEEL,0.685
HCLTECH,KOTAKBANK,0.324
HCLTECH,LT,0.581
HCLTECH,M&M,0.61
HCLTECH,MARUTI,0.307
HCLTECH,NESTLEIND,0.079
HCLTECH,NTPC,0.759
HCLTECH,ONGC,0.615
HCLTECH,POWERGRID,0.65
HCLTECH,RELIANCE,0.444
HCLTECH,SBILIFE,0.787
HCLTECH,SBIN,0.537
HCLTECH,SHRIRAMFIN,0.815
HCLTECH,SUNPHARMA,0.872
HCLTECH,TATAMOTORS,0.486
HCLTECH,TATASTEEL,0.254
HCLTECH,TCS,0.827
HCLTECH,TECHM,0.852
HCLTECH,TITAN,0.306
HCLTECH,TRENT,0.797
HCLTECH,ULTRACEMCO,0.729
HCLTECH,WIPRO,0.898
HDFCBANK,ADANIPORTS,0.316
HDFCBANK,APOLLOHOSP,0.429
HDFCBANK,ASIANPAINT,0.299
HDFCBANK,AXISBANK,0.635
HDFCBANK,BAJAJ-AUTO,0.454
HDFCBANK,BAJAJFINSV,0.58
HDFCBANK,BAJFINANCE,0.251
HDFCBANK,BEL,0.538
HDFCBANK,BPCL,0.253
HDFCBANK,CIPLA,0.355
HDFCBANK,COALINDIA,0.267
HDFCBANK,DRREDDY,0.375
HDFCBANK,EICHERMOT,0.605
HDFCBANK,GRASIM,0.589
HDFCBANK,HCLTECH,0.448
HDFCBANK,HDFCLIFE,0.682
HDFCBANK,HEROMOTOCO,0.402
HDFCBANK,HINDALCO,0.618
HDFCBANK,HINDUNILVR,0.628
HDFCBANK,ICICIBANK,0.618
HDFCBANK,INDUSINDBK,-0.405
HDFCBANK,INFY,0.538
HDFCBANK,ITC,0.717
HDFCBANK,JSWSTEEL,0.719
HDFCBANK,KOTAKBANK,0.538
HDFCBANK,LT,0.338
HDFCBANK,M&M,0.623
HDFCBANK,MARUTI,0.145
HDFCBANK,NESTLEIND,-0.021
HDFCBANK,NTPC,0.504
HDFCBANK,ONGC,0.198
HDFCBANK,POWERGRID,0.437
HDFCBANK,RELIANCE,0.031
HDFCBANK,SBILIFE,0.533
HDFCBANK,SBIN,0.32
HDFCBANK,SHRIRAMFIN,0.606
HDFCBANK,SUNPHARMA,0.438
HDFCBANK,TATAMOTORS,0.061
HDFCBANK,TATASTEEL,0.2
HDFCBANK,TCS,0.334
HDFCBANK,TECHM,0.691
HDFCBANK,TITAN,-0.096
HDFCBANK,TRENT,0.616
HDFCBANK,ULTRACEMCO,0.652
HDFCBANK,WIPRO,0.444
HDFCLIFE,ADANIPORTS,0.17
HDFCLIFE,APOLLOHOSP,0.484
HDFCLIFE,ASIANPAINT,0.384
HDFCLIFE,AXISBANK,0.258
HDFCLIFE,BAJAJ-AUTO,0.384
HDFCLIFE,BAJAJFINSV,0.698
HDFCLIFE,BAJFINANCE,0.154
HDFCLIFE,BEL,0.3
HDFCLIFE,BPCL,0.258
HDFCLIFE,CIPLA,0.363
HDFCLIFE,COALINDIA,0.201
HDFCLIFE,DRREDDY,0.505
HDFCLIFE,EICHERMOT,0.369
HDFCLIFE,GRASIM,0.471
HDFCLIFE,HCLTECH,0.605
HDFCLIFE,HDFCBANK,0.682
HDFCLIFE,HEROMOTOCO,0.228
HDFCLIFE,HINDALCO,0.336
HDFCLIFE,HINDUNILVR,0.726
HDFCLIFE,ICICIBANK,0.482
HDFCLIFE,INDUSINDBK,-0.44
HDFCLIFE,INFY,0.711
HDFCLIFE,ITC,0.83
HDFCLIFE,JSWSTEEL,0.498
HDFCLIFE,KOTAKBANK,0.502
HDFCLIFE,LT,0.176
HDFCLIFE,M&M,0.426
HDFCLIFE,MARUTI,0.076
HDFCLIFE,NESTLEIND,-0.093
HDFCLIFE,NTPC,0.415
HDFCLIFE,ONGC,0.239
HDFCLIFE,POWERGRID,0.288
HDFCLIFE,RELIANCE,-0.084
HDFCLIFE,SBILIFE,0.744
HDFCLIFE,SBIN,0.114
HDFCLIFE,SHRIRAMFIN,0.586
HDFCLIFE,SUNPHARMA,0.516
HDFCLIFE,TATAMOTORS,0.062
HDFCLIFE,TATASTEEL,-0.135
HDFCLIFE,TCS,0.468
HDFCLIFE,TECHM,0.688
HDFCLIFE,TITAN,0.051
HDFCLIFE,TRENT,0.587
HDFCLIFE,ULTRACEMCO,0.476
HDFCLIFE,WIPRO,0.388
HEROMOTOCO,ADANIPORTS,0.927
HEROMOTOCO,APOLLOHOSP,0.813
HEROMOTOCO,ASIANPAINT,-0.134
HEROMOTOCO,AXISBANK,0.837
HEROMOTOCO,BAJAJ-AUTO,0.931
HEROMOTOCO,BAJAJFINSV,0.344
HEROMOTOCO,BAJFINANCE,-0.375
HEROMOTOCO,BEL,0.9
HEROMOTOCO,BPCL,0.903
HEROMOTOCO,CIPLA,0.917
HEROMOTOCO,COALINDIA,0.93
HEROMOTOCO,DRREDDY,0.799
HEROMOTOCO,EICHERMOT,0.847
HEROMOTOCO,GRASIM,0.884
HEROMOTOCO,HCLTECH,0.639
HEROMOTOCO,HDFCBANK,0.402
HEROMOTOCO,HDFCLIFE,0.228
HEROMOTOCO,HINDALCO,0.867
HEROMOTOCO,HINDUNILVR,0.418
HEROMOTOCO,ICICIBANK,0.855
HEROMOTOCO,INDUSINDBK,-0.207
HEROMOTOCO,INFY,0.663
HEROMOTOCO,ITC,0.429
HEROMOTOCO,JSWSTEEL,0.824
HEROMOTOCO,KOTAKBANK,0.185
HEROMOTOCO,LT,0.771
HEROMOTOCO,M&M,0.866
HEROMOTOCO,MARUTI,0.759
HEROMOTOCO,NESTLEIND,0.383
HEROMOTOCO,NTPC,0.913
HEROMOTOCO,ONGC,0.863
HEROMOTOCO,POWERGRID,0.939
HEROMOTOCO,RELIANCE,0.828
HEROMOTOCO,SBILIFE,0.733
HEROMOTOCO,SBIN,0.866
HEROMOTOCO,SHRIRAMFIN,0.852
HEROMOTOCO,SUNPHARMA,0.832
HEROMOTOCO,TATAMOTORS,0.829
HEROMOTOCO,TATASTEEL,0.806
HEROMOTOCO,TCS,0.797
HEROMOTOCO,TECHM,0.733
HEROMOTOCO,TITAN,0.2
HEROMOTOCO,TRENT,0.842
HEROMOTOCO,ULTRACEMCO,0.902
HEROMOTOCO,WIPRO,0.79
HINDALCO,ADANIPORTS,0.804
HINDALCO,APOLLOHOSP,0.722
HINDALCO,ASIANPAINT,-0.083
HINDALCO,AXISBANK,0.835
HINDALCO,BAJAJ-AUTO,0.869
HINDALCO,BAJAJFINSV,0.447
HINDALCO,BAJFINANCE,-0.202
HINDALCO,BEL,0.905
HINDALCO,BPCL,0.775
HINDALCO,CIPLA,0.783
HINDALCO,COALINDIA,0.814
HINDALCO,DRREDDY,0.677
HINDALCO,EICHERMOT,0.922
HINDALCO,GRASIM,0.899
HINDALCO,HCLTECH,0.555
HINDALCO,HDFCBANK,0.618
HINDALCO,HDFCLIFE,0.336
HINDALCO,HEROMOTOCO,0.867
HINDALCO,HINDUNILVR,0.434
HINDALCO,ICICIBANK,0.874
HINDALCO,INDUSINDBK,-0.355
HINDALCO,INFY,0.594
HINDALCO,ITC,0.558
HINDALCO,JSWSTEEL,0.938
HINDALCO,KOTAKBANK,0.226
HINDALCO,LT,0.674
HINDALCO,M&M,0.907
HINDALCO,MARUTI,0.708
HINDALCO,NESTLEIND,0.186
HINDALCO,NTPC,0.891
HINDALCO,ONGC,0.724
HINDALCO,POWERGRID,0.878
HINDALCO,RELIANCE,0.604
HINDALCO,SBILIFE,0.662
HINDALCO,SBIN,0.809
HINDALCO,SHRIRAMFIN,0.839
HINDALCO,SUNPHARMA,0.778
HINDALCO,TATAMOTORS,0.638
HINDALCO,TATASTEEL,0.775
HINDALCO,TCS,0.639
HINDALCO,TECHM,0.771
HINDALCO,TITAN,-0.011
HINDALCO,TRENT,0.871
HINDALCO,ULTRACEMCO,0.853
HINDALCO,WIPRO,0.679
HINDUNILVR,ADANIPORTS,0.239
HINDUNILVR,APOLLOHOSP,0.388
HINDUNILVR,ASIANPAINT,0.61
HINDUNILVR,AXISBANK,0.474
HINDUNILVR,BAJAJ-AUTO,0.424
HINDUNILVR,BAJAJFINSV,0.644
HINDUNILVR,BAJFINANCE,0.28
HINDUNILVR,BEL,0.382
HINDUNILVR,BPCL,0.266
HINDUNILVR,CIPLA,0.413
HINDUNILVR,COALINDIA,0.312
HINDUNILVR,DRREDDY,0.503
HINDUNILVR,EICHERMOT,0.409
HINDUNILVR,GRASIM,0.513
HINDUNILVR,HCLTECH,0.436
HINDUNILVR,HDFCBANK,0.628
HINDUNILVR,HDFCLIFE,0.726
HINDUNILVR,HEROMOTOCO,0.418
HINDUNILVR,HINDALCO,0.434
HINDUNILVR,ICICIBANK,0.443
HINDUNILVR,INDUSINDBK,-0.139
HINDUNILVR,INFY,0.7
HINDUNILVR,ITC,0.861
HINDUNILVR,JSWSTEEL,0.492
HINDUNILVR,KOTAKBANK,0.576
HINDUNILVR,LT,0.147
HINDUNILVR,M&M,0.488
HINDUNILVR,MARUTI,0.143
HINDUNILVR,NESTLEIND,0.232
HINDUNILVR,NTPC,0.418
HINDUNILVR,ONGC,0.301
HINDUNILVR,POWERGRID,0.37
HINDUNILVR,RELIANCE,0.087
HINDUNILVR,SBILIFE,0.737
HINDUNILVR,SBIN,0.135
HINDUNILVR,SHRIRAMFIN,0.594
HINDUNILVR,SUNPHARMA,0.411
HINDUNILVR,TATAMOTORS,0.137
HINDUNILVR,TATASTEEL,-0.006
HINDUNILVR,TCS,0.482
HINDUNILVR,TECHM,0.631
HINDUNILVR,TITAN,0.093
HINDUNILVR,TRENT,0.558
HINDUNILVR,ULTRACEMCO,0.586
HINDUNILVR,WIPRO,0.335
ICICIBANK,ADANIPORTS,0.832
ICICIBANK,APOLLOHOSP,0.853
ICICIBANK,ASIANPAINT,-0.211
ICICIBANK,AXISBANK,0.82
ICICIBANK,BAJAJ-AUTO,0.92
ICICIBANK,BAJAJFINSV,0.489
ICICIBANK,BAJFINANCE,-0.303
ICICIBANK,BEL,0.909
ICICIBANK,BPCL,0.838
ICICIBANK,CIPLA,0.875
ICICIBANK,COALINDIA,0.809
ICICIBANK,DRREDDY,0.811
ICICIBANK,EICHERMOT,0.897
ICICIBANK,GRASIM,0.956
ICICIBANK,HCLTECH,0.744
ICICIBANK,HDFCBANK,0.618
ICICIBANK,HDFCLIFE,0.482
ICICIBANK,HEROMOTOCO,0.855
ICICIBANK,HINDALCO,0.874
ICICIBANK,HINDUNILVR,0.443
ICICIBANK,INDUSINDBK,-0.56
ICICIBANK,INFY,0.753
ICICIBANK,ITC,0.588
ICICIBANK,JSWSTEEL,0.922
ICICIBANK,KOTAKBANK,0.17
ICICIBANK,LT,0.689
ICICIBANK,M&M,0.935
ICICIBANK,MARUTI,0.704
ICICIBANK,NESTLEIND,0.095
ICICIBANK,NTPC,0.93
ICICIBANK,ONGC,0.789
ICICIBANK,POWERGRID,0.926
ICICIBANK,RELIANCE,0.612
ICICIBANK,SBILIFE,0.794
ICICIBANK,SBIN,0.867
ICICIBANK,SHRIRAMFIN,0.934
ICICIBANK,SUNPHARMA,0.916
ICICIBANK,TATAMOTORS,0.666
ICICIBANK,TATASTEEL,0.672
ICICIBANK,TCS,0.782
ICICIBANK,TECHM,0.887
ICICIBANK,TITAN,-0.03
ICICIBANK,TRENT,0.948
ICICIBANK,ULTRACEMCO,0.885
ICICIBANK,WIPRO,0.846
INDUSINDBK,ADANIPORTS,-0.196
INDUSINDBK,APOLLOHOSP,-0.447
INDUSINDBK,ASIANPAINT,0.442
INDUSINDBK,AXISBANK,-0.205
INDUSINDBK,BAJAJ-AUTO,-0.348
INDUSINDBK,BAJAJFINSV,-0.155
INDUSINDBK,BAJFINANCE,0.291
INDUSINDBK,BEL,-0.415
INDUSINDBK,BPCL,-0.281
INDUSINDBK,CIPLA,-0.35
INDUSINDBK,COALINDIA,-0.191
INDUSINDBK,DRREDDY,-0.325
INDUSINDBK,EICHERMOT,-0.455
INDUSINDBK,GRASIM,-0.449
INDUSINDBK,HCLTECH,-0.478
INDUSINDBK,HDFCBANK,-0.405
INDUSINDBK,HDFCLIFE,-0.44
INDUSINDBK,HEROMOTOCO,-0.207
INDUSINDBK,HINDALCO,-0.355
INDUSINDBK,HINDUNILVR,-0.139
INDUSINDBK,ICICIBANK,-0.56
INDUSINDBK,INFY,-0.464
INDUSINDBK,ITC,-0.355
INDUSINDBK,JSWSTEEL,-0.474
INDUSINDBK,KOTAKBANK,0.205
INDUSINDBK,LT,-0.016
INDUSINDBK,M&M,-0.531
INDUSINDBK,MARUTI,-0.146
INDUSINDBK,NESTLEIND,0.638
INDUSINDBK,NTPC,-0.383
INDUSINDBK,ONGC,-0.224
INDUSINDBK,POWERGRID,-0.391
INDUSINDBK,RELIANCE,0.109
INDUSINDBK,SBILIFE,-0.311
INDUSINDBK,SBIN,-0.377
INDUSINDBK,SHRIRAMFIN,-0.457
INDUSINDBK,SUNPHARMA,-0.513
INDUSINDBK,TATAMOTORS,-0.008
INDUSINDBK,TATASTEEL,-0.066
INDUSINDBK,TCS,-0.289
INDUSINDBK,TECHM,-0.637
INDUSINDBK,TITAN,0.558
INDUSINDBK,TRENT,-0.555
INDUSINDBK,ULTRACEMCO,-0.317
INDUSINDBK,WIPRO,-0.453
INFY,ADANIPORTS,0.605
INFY,APOLLOHOSP,0.843
INFY,ASIANPAINT,0.107
INFY,AXISBANK,0.54
INFY,BAJAJ-AUTO,0.726
INFY,BAJAJFINSV,0.595
INFY,BAJFINANCE,-0.226
INFY,BEL,0.618
INFY,BPCL,0.667
INFY,CIPLA,0.757
INFY,COALINDIA,0.615
INFY,DRREDDY,0.822
INFY,EICHERMOT,0.578
INFY,GRASIM,0.742
INFY,HCLTECH,0.912
INFY,HDFCBANK,0.538
INFY,HDFCLIFE,0.711
INFY,HEROMOTOCO,0.663
INFY,HINDALCO,0.594
INFY,HINDUNILVR,0.7
INFY,ICICIBANK,0.753
INFY,INDUSINDBK,-0.464
INFY,ITC,0.755
INFY,JSWSTEEL,0.699
INFY,KOTAKBANK,0.404
INFY,LT,0.49
INFY,M&M,0.677
INFY,MARUTI,0.31
INFY,NESTLEIND,0.085
INFY,NTPC,0.75
INFY,ONGC,0.65
INFY,POWERGRID,0.677
INFY,RELIANCE,0.408
INFY,SBILIFE,0.881
INFY,SBIN,0.504
INFY,SHRIRAMFIN,0.849
INFY,SUNPHARMA,0.826
INFY,TATAMOTORS,0.47
INFY,TATASTEEL,0.206
INFY,TCS,0.864
INFY,TECHM,0.921
INFY,TITAN,0.193
INFY,TRENT,0.824
INFY,ULTRACEMCO,0.797
INFY,WIPRO,0.828
ITC,ADANIPORTS,0.334
ITC,APOLLOHOSP,0.53
ITC,ASIANPAINT,0.461
ITC,AXISBANK,0.464
ITC,BAJAJ-AUTO,0.521
ITC,BAJAJFINSV,0.705
ITC,BAJFINANCE,0.203
ITC,BEL,0.476
ITC,BPCL,0.357
ITC,CIPLA,0.474
ITC,COALINDIA,0.367
ITC,DRREDDY,0.553
ITC,EICHERMOT,0.545
ITC,GRASIM,0.612
ITC,HCLTECH,0.558
ITC,HDFCBANK,0.717
ITC,HDFCLIFE,0.83
ITC,HEROMOTOCO,0.429
ITC,HINDALCO,0.558
ITC,HINDUNILVR,0.861
ITC,ICICIBANK,0.588
ITC,INDUSINDBK,-0.355
ITC,INFY,0.755
ITC,JSWSTEEL,0.625
ITC,KOTAKBANK,0.494
ITC,LT,0.312
ITC,M&M,0.56
ITC,MARUTI,0.206
ITC,NESTLEIND,0.065
ITC,NTPC,0.558
ITC,ONGC,0.39
ITC,POWERGRID,0.454
ITC,RELIANCE,0.082
ITC,SBILIFE,0.786
ITC,SBIN,0.242
ITC,SHRIRAMFIN,0.685
ITC,SUNPHARMA,0.562
ITC,TATAMOTORS,0.203
ITC,TATASTEEL,0.047
ITC,TCS,0.563
ITC,TECHM,0.756
ITC,TITAN,0.087
ITC,TRENT,0.671
ITC,ULTRACEMCO,0.632
ITC,WIPRO,0.421
JSWSTEEL,ADANIPORTS,0.768
JSWSTEEL,APOLLOHOSP,0.8
JSWSTEEL,ASIANPAINT,-0.06
JSWSTEEL,AXISBANK,0.811
JSWSTEEL,BAJAJ-AUTO,0.884
JSWSTEEL,BAJAJFINSV,0.586
JSWSTEEL,BAJFINANCE,-0.156
JSWSTEEL,BEL,0.873
JSWSTEEL,BPCL,0.774
JSWSTEEL,CIPLA,0.807
JSWSTEEL,COALINDIA,0.759
JSWSTEEL,DRREDDY,0.713
JSWSTEEL,EICHERMOT,0.9
JSWSTEEL,GRASIM,0.904
JSWSTEEL,HCLTECH,0.685
JSWSTEEL,HDFCBANK,0.719
JSWSTEEL,HDFCLIFE,0.498
JSWSTEEL,HEROMOTOCO,0.824
JSWSTEEL,HINDALCO,0.938
JSWSTEEL,HINDUNILVR,0.492
JSWSTEEL,ICICIBANK,0.922
JSWSTEEL,INDUSINDBK,-0.474
JSWSTEEL,INFY,0.699
JSWSTEEL,ITC,0.625
JSWSTEEL,KOTAKBANK,0.294
JSWSTEEL,LT,0.671
JSWSTEEL,M&M,0.923
JSWSTEEL,MARUTI,0.65
JSWSTEEL,NESTLEIND,0.128
JSWSTEEL,NTPC,0.905
JSWSTEEL,ONGC,0.68
JSWSTEEL,POWERGRID,0.863
JSWSTEEL,RELIANCE,0.518
JSWSTEEL,SBILIFE,0.742
JSWSTEEL,SBIN,0.783
JSWSTEEL,SHRIRAMFIN,0.895
JSWSTEEL,SUNPHARMA,0.843
JSWSTEEL,TATAMOTORS,0.564
JSWSTEEL,TATASTEEL,0.686
JSWSTEEL,TCS,0.686
JSWSTEEL,TECHM,0.858
JSWSTEEL,TITAN,0.026
JSWSTEEL,TRENT,0.922
JSWSTEEL,ULTRACEMCO,0.877
JSWSTEEL,WIPRO,0.765
KOTAKBANK,ADANIPORTS,0.1
KOTAKBANK,APOLLOHOSP,0.235
KOTAKBANK,ASIANPAINT,0.576
KOTAKBANK,AXISBANK,0.276
KOTAKBANK,BAJAJ-AUTO,0.171
KOTAKBANK,BAJAJFINSV,0.534
KOTAKBANK,BAJFINANCE,0.378
KOTAKBANK,BEL,0.114
KOTAKBANK,BPCL,0.028
KOTAKBANK,CIPLA,0.109
KOTAKBANK,COALINDIA,0.073
KOTAKBANK,DRREDDY,0.197
KOTAKBANK,EICHERMOT,0.097
KOTAKBANK,GRASIM,0.2
KOTAKBANK,HCLTECH,0.324
KOTAKBANK,HDFCBANK,0.538
KOTAKBANK,HDFCLIFE,0.502
KOTAKBANK,HEROMOTOCO,0.185
KOTAKBANK,HINDALCO,0.226
KOTAKBANK,HINDUNILVR,0.576
KOTAKBANK,ICICIBANK,0.17
KOTAKBANK,INDUSINDBK,0.205
KOTAKBANK,INFY,0.404
KOTAKBANK,ITC,0.494
KOTAKBANK,JSWSTEEL,0.294
KOTAKBANK,LT,0.255
KOTAKBANK,M&M,0.139
KOTAKBANK,MARUTI,-0.09
KOTAKBANK,NESTLEIND,0.398
KOTAKBANK,NTPC,0.186
KOTAKBANK,ONGC,0.036
KOTAKBANK,POWERGRID,0.073
KOTAKBANK,RELIANCE,0.074
KOTAKBANK,SBILIFE,0.384
KOTAKBANK,SBIN,-0.095
KOTAKBANK,SHRIRAMFIN,0.285
KOTAKBANK,SUNPHARMA,0.141
KOTAKBANK,TATAMOTORS,-0.015
KOTAKBANK,TATASTEEL,-0.076
KOTAKBANK,TCS,0.214
KOTAKBANK,TECHM,0.299
KOTAKBANK,TITAN,0.386
KOTAKBANK,TRENT,0.209
KOTAKBANK,ULTRACEMCO,0.39
KOTAKBANK,WIPRO,0.227
LT,ADANIPORTS,0.855
LT,APOLLOHOSP,0.713
LT,ASIANPAINT,-0.141
LT,AXISBANK,0.653
LT,BAJAJ-AUTO,0.746
LT,BAJAJFINSV,0.278
LT,BAJFINANCE,-0.326
LT,BEL,0.729
LT,BPCL,0.768
LT,CIPLA,0.736
LT,COALINDIA,0.766
LT,DRREDDY,0.647
LT,EICHERMOT,0.649
LT,GRASIM,0.677
LT,HCLTECH,0.581
LT,HDFCBANK,0.338
LT,HDFCLIFE,0.176
LT,HEROMOTOCO,0.771
LT,HINDALCO,0.674
LT,HINDUNILVR,0.147
LT,ICICIBANK,0.689
LT,INDUSINDBK,-0.016
LT,INFY,0.49
LT,ITC,0.312
LT,JSWSTEEL,0.671
LT,KOTAKBANK,0.255
LT,M&M,0.605
LT,MARUTI,0.608
LT,NESTLEIND,0.436
LT,NTPC,0.788
LT,ONGC,0.742
LT,POWERGRID,0.742
LT,RELIANCE,0.791
LT,SBILIFE,0.564
LT,SBIN,0.741
LT,SHRIRAMFIN,0.638
LT,SUNPHARMA,0.685
LT,TATAMOTORS,0.78
LT,TATASTEEL,0.712
LT,TCS,0.702
LT,TECHM,0.522
LT,TITAN,0.463
LT,TRENT,0.6
LT,ULTRACEMCO,0.746
LT,WIPRO,0.705
M&M,ADANIPORTS,0.803
M&M,APOLLOHOSP,0.759
M&M,ASIANPAINT,-0.212
M&M,AXISBANK,0.822
M&M,BAJAJ-AUTO,0.893
M&M,BAJAJFINSV,0.4
M&M,BAJFINANCE,-0.258
M&M,BEL,0.949
M&M,BPCL,0.8
M&M,CIPLA,0.857
M&M,COALINDIA,0.816
M&M,DRREDDY,0.757
M&M,EICHERMOT,0.932
M&M,GRASIM,0.945
M&M,HCLTECH,0.61
M&M,HDFCBANK,0.623
M&M,HDFCLIFE,0.426
M&M,HEROMOTOCO,0.866
M&M,HINDALCO,0.907
M&M,HINDUNILVR,0.488
M&M,ICICIBANK,0.935
M&M,INDUSINDBK,-0.531
M&M,INFY,0.677
M&M,ITC,0.56
M&M,JSWSTEEL,0.923
M&M,KOTAKBANK,0.139
M&M,LT,0.605
M&M,MARUTI,0.752
M&M,NESTLEIND,0.074
M&M,NTPC,0.892
M&M,ONGC,0.762
M&M,POWERGRID,0.926
M&M,RELIANCE,0.567
M&M,SBILIFE,0.732
M&M,SBIN,0.862
M&M,SHRIRAMFIN,0.894
M&M,SUNPHARMA,0.841
M&M,TATAMOTORS,0.638
M&M,TATASTEEL,0.736
M&M,TCS,0.689
M&M,TECHM,0.845
M&M,TITAN,-0.156
M&M,TRENT,0.929
M&M,ULTRACEMCO,0.87
M&M,WIPRO,0.734
MARUTI,ADANIPORTS,0.784
MARUTI,APOLLOHOSP,0.564
MARUTI,ASIANPAINT,-0.3
MARUTI,AXISBANK,0.597
MARUTI,BAJAJ-AUTO,0.794
MARUTI,BAJAJFINSV,0.202
MARUTI,BAJFINANCE,-0.307
MARUTI,BEL,0.771
MARUTI,BPCL,0.805
MARUTI,CIPLA,0.741
MARUTI,COALINDIA,0.83
MARUTI,DRREDDY,0.665
MARUTI,EICHERMOT,0.763
MARUTI,GRASIM,0.758
MARUTI,HCLTECH,0.307
MARUTI,HDFCBANK,0.145
MARUTI,HDFCLIFE,0.076
MARUTI,HEROMOTOCO,0.759
MARUTI,HINDALCO,0.708
MARUTI,HINDUNILVR,0.143
MARUTI,ICICIBANK,0.704
MARUTI,INDUSINDBK,-0.146
MARUTI,INFY,0.31
MARUTI,ITC,0.206
MARUTI,JSWSTEEL,0.65
MARUTI,KOTAKBANK,-0.09
MARUTI,LT,0.608
MARUTI,M&M,0.752
MARUTI,NESTLEIND,0.319
MARUTI,NTPC,0.753
MARUTI,ONGC,0.807
MARUTI,POWERGRID,0.816
MARUTI,RELIANCE,0.741
MARUTI,SBILIFE,0.553
MARUTI,SBIN,0.841
MARUTI,SHRIRAMFIN,0.642
MARUTI,SUNPHARMA,0.682
MARUTI,TATAMOTORS,0.821
MARUTI,TATASTEEL,0.876
MARUTI,TCS,0.574
MARUTI,TECHM,0.423
MARUTI,TITAN,0.021
MARUTI,TRENT,0.661
MARUTI,ULTRACEMCO,0.588
MARUTI,WIPRO,0.478
NESTLEIND,ADANIPORTS,0.358
NESTLEIND,APOLLOHOSP,0.167
NESTLEIND,ASIANPAINT,0.332
NESTLEIND,AXISBANK,0.327
NESTLEIND,BAJAJ-AUTO,0.296
NESTLEIND,BAJAJFINSV,0.198
NESTLEIND,BAJFINANCE,0.027
NESTLEIND,BEL,0.16
NESTLEIND,BPCL,0.3
NESTLEIND,CIPLA,0.279
NESTLEIND,COALINDIA,0.367
NESTLEIND,DRREDDY,0.298
NESTLEIND,EICHERMOT,0.105
NESTLEIND,GRASIM,0.184
NESTLEIND,HCLTECH,0.079
NESTLEIND,HDFCBANK,-0.021
NESTLEIND,HDFCLIFE,-0.093
NESTLEIND,HEROMOTOCO,0.383
NESTLEIND,HINDALCO,0.186
NESTLEIND,HINDUNILVR,0.232
NESTLEIND,ICICIBANK,0.095
NESTLEIND,INDUSINDBK,0.638
NESTLEIND,INFY,0.085
NESTLEIND,ITC,0.065
NESTLEIND,JSWSTEEL,0.128
NESTLEIND,KOTAKBANK,0.398
NESTLEIND,LT,0.436
NESTLEIND,M&M,0.074
NESTLEIND,MARUTI,0.319
NESTLEIND,NTPC,0.244
NESTLEIND,ONGC,0.329
NESTLEIND,POWERGRID,0.236
NESTLEIND,RELIANCE,0.558
NESTLEIND,SBILIFE,0.283
NESTLEIND,SBIN,0.176
NESTLEIND,SHRIRAMFIN,0.167
NESTLEIND,SUNPHARMA,0.135
NESTLEIND,TATAMOTORS,0.468
NESTLEIND,TATASTEEL,0.347
NESTLEIND,TCS,0.29
NESTLEIND,TECHM,-0.058
NESTLEIND,TITAN,0.644
NESTLEIND,TRENT,0.081
NESTLEIND,ULTRACEMCO,0.322
NESTLEIND,WIPRO,0.176
NTPC,ADANIPORTS,0.928
NTPC,APOLLOHOSP,0.901
NTPC,ASIANPAINT,-0.148
NTPC,AXISBANK,0.769
NTPC,BAJAJ-AUTO,0.956
NTPC,BAJAJFINSV,0.46
NTPC,BAJFINANCE,-0.4
NTPC,BEL,0.906
NTPC,BPCL,0.941
NTPC,CIPLA,0.922
NTPC,COALINDIA,0.926
NTPC,DRREDDY,0.872
NTPC,EICHERMOT,0.881
NTPC,GRASIM,0.927
NTPC,HCLTECH,0.759
NTPC,HDFCBANK,0.504
NTPC,HDFCLIFE,0.415
NTPC,HEROMOTOCO,0.913
NTPC,HINDALCO,0.891
NTPC,HINDUNILVR,0.418
NTPC,ICICIBANK,0.93
NTPC,INDUSINDBK,-0.383
NTPC,INFY,0.75
NTPC,ITC,0.558
NTPC,JSWSTEEL,0.905
NTPC,KOTAKBANK,0.186
NTPC,LT,0.788
NTPC,M&M,0.892
NTPC,MARUTI,0.753
NTPC,NESTLEIND,0.244
NTPC,ONGC,0.889
NTPC,POWERGRID,0.958
NTPC,RELIANCE,0.738
NTPC,SBILIFE,0.818
NTPC,SBIN,0.884
NTPC,SHRIRAMFIN,0.923
NTPC,SUNPHARMA,0.941
NTPC,TATAMOTORS,0.805
NTPC,TATASTEEL,0.74
NTPC,TCS,0.845
NTPC,TECHM,0.828
NTPC,TITAN,0.164
NTPC,TRENT,0.925
NTPC,ULTRACEMCO,0.902
NTPC,WIPRO,0.839
ONGC,ADANIPORTS,0.933
ONGC,APOLLOHOSP,0.796
ONGC,ASIANPAINT,-0.24
ONGC,AXISBANK,0.664
ONGC,BAJAJ-AUTO,0.85
ONGC,BAJAJFINSV,0.183
ONGC,BAJFINANCE,-0.532
ONGC,BEL,0.851
ONGC,BPCL,0.933
ONGC,CIPLA,0.884
ONGC,COALINDIA,0.961
ONGC,DRREDDY,0.905
ONGC,EICHERMOT,0.77
ONGC,GRASIM,0.85
ONGC,HCLTECH,0.615
ONGC,HDFCBANK,0.198
ONGC,HDFCLIFE,0.239
ONGC,HEROMOTOCO,0.863
ONGC,HINDALCO,0.724
ONGC,HINDUNILVR,0.301
ONGC,ICICIBANK,0.789
ONGC,INDUSINDBK,-0.224
ONGC,INFY,0.65
ONGC,ITC,0.39
ONGC,JSWSTEEL,0.68
ONGC,KOTAKBANK,0.036
ONGC,LT,0.742
ONGC,M&M,0.762
ONGC,MARUTI,0.807
ONGC,NESTLEIND,0.329
ONGC,NTPC,0.889
ONGC,POWERGRID,0.918
ONGC,RELIANCE,0.875
ONGC,SBILIFE,0.746
ONGC,SBIN,0.88
ONGC,SHRIRAMFIN,0.785
ONGC,SUNPHARMA,0.833
ONGC,TATAMOTORS,0.943
ONGC,TATASTEEL,0.738
ONGC,TCS,0.862
ONGC,TECHM,0.654
ONGC,TITAN,0.158
ONGC,TRENT,0.767
ONGC,ULTRACEMCO,0.797
ONGC,WIPRO,0.748
POWERGRID,ADANIPORTS,0.943
POWERGRID,APOLLOHOSP,0.831
POWERGRID,ASIANPAINT,-0.266
POWERGRID,AXISBANK,0.821
POWERGRID,BAJAJ-AUTO,0.932
POWERGRID,BAJAJFINSV,0.297
POWERGRID,BAJFINANCE,-0.455
POWERGRID,BEL,0.958
POWERGRID,BPCL,0.935
POWERGRID,CIPLA,0.923
POWERGRID,COALINDIA,0.949
POWERGRID,DRREDDY,0.857
POWERGRID,EICHERMOT,0.911
POWERGRID,GRASIM,0.946
POWERGRID,HCLTECH,0.65
POWERGRID,HDFCBANK,0.437
POWERGRID,HDFCLIFE,0.288
POWERGRID,HEROMOTOCO,0.939
POWERGRID,HINDALCO,0.878
POWERGRID,HINDUNILVR,0.37
POWERGRID,ICICIBANK,0.926
POWERGRID,INDUSINDBK,-0.391
POWERGRID,INFY,0.677
POWERGRID,ITC,0.454
POWERGRID,JSWSTEEL,0.863
POWERGRID,KOTAKBANK,0.073
POWERGRID,LT,0.742
POWERGRID,M&M,0.926
POWERGRID,MARUTI,0.816
POWERGRID,NESTLEIND,0.236
POWERGRID,NTPC,0.958
POWERGRID,ONGC,0.918
POWERGRID,RELIANCE,0.79
POWERGRID,SBILIFE,0.751
POWERGRID,SBIN,0.945
POWERGRID,SHRIRAMFIN,0.881
POWERGRID,SUNPHARMA,0.888
POWERGRID,TATAMOTORS,0.84
POWERGRID,TATASTEEL,0.81
POWERGRID,TCS,0.812
POWERGRID,TECHM,0.78
POWERGRID,TITAN,0.025
POWERGRID,TRENT,0.89
POWERGRID,ULTRACEMCO,0.896
POWERGRID,WIPRO,0.808
RELIANCE,ADANIPORTS,0.9
RELIANCE,APOLLOHOSP,0.645
RELIANCE,ASIANPAINT,-0.221
RELIANCE,AXISBANK,0.65
RELIANCE,BAJAJ-AUTO,0.728
RELIANCE,BAJAJFINSV,0.042
RELIANCE,BAJFINANCE,-0.473
RELIANCE,BEL,0.723
RELIANCE,BPCL,0.833
RELIANCE,CIPLA,0.755
RELIANCE,COALINDIA,0.881
RELIANCE,DRREDDY,0.729
RELIANCE,EICHERMOT,0.598
RELIANCE,GRASIM,0.676
RELIANCE,HCLTECH,0.444
RELIANCE,HDFCBANK,0.031
RELIANCE,HDFCLIFE,-0.084
RELIANCE,HEROMOTOCO,0.828
RELIANCE,HINDALCO,0.604
RELIANCE,HINDUNILVR,0.087
RELIANCE,ICICIBANK,0.612
RELIANCE,INDUSINDBK,0.109
RELIANCE,INFY,0.408
RELIANCE,ITC,0.082
RELIANCE,JSWSTEEL,0.518
RELIANCE,KOTAKBANK,0.074
RELIANCE,LT,0.791
RELIANCE,M&M,0.567
RELIANCE,MARUTI,0.741
RELIANCE,NESTLEIND,0.558
RELIANCE,NTPC,0.738
RELIANCE,ONGC,0.875
RELIANCE,POWERGRID,0.79
RELIANCE,SBILIFE,0.516
RELIANCE,SBIN,0.801
RELIANCE,SHRIRAMFIN,0.586
RELIANCE,SUNPHARMA,0.632
RELIANCE,TATAMOTORS,0.937
RELIANCE,TATASTEEL,0.803
RELIANCE,TCS,0.719
RELIANCE,TECHM,0.391
RELIANCE,TITAN,0.358
RELIANCE,TRENT,0.535
RELIANCE,ULTRACEMCO,0.69
RELIANCE,WIPRO,0.667
SBILIFE,ADANIPORTS,0.682
SBILIFE,APOLLOHOSP,0.817
SBILIFE,ASIANPAINT,0.207
SBILIFE,AXISBANK,0.601
SBILIFE,BAJAJ-AUTO,0.822
SBILIFE,BAJAJFINSV,0.689
SBILIFE,BAJFINANCE,-0.154
SBILIFE,BEL,0.682
SBILIFE,BPCL,0.764
SBILIFE,CIPLA,0.818
SBILIFE,COALINDIA,0.728
SBILIFE,DRREDDY,0.87
SBILIFE,EICHERMOT,0.691
SBILIFE,GRASIM,0.813
SBILIFE,HCLTECH,0.787
SBILIFE,HDFCBANK,0.533
SBILIFE,HDFCLIFE,0.744
SBILIFE,HEROMOTOCO,0.733
SBILIFE,HINDALCO,0.662
SBILIFE,HINDUNILVR,0.737
SBILIFE,ICICIBANK,0.794
SBILIFE,INDUSINDBK,-0.311
SBILIFE,INFY,0.881
SBILIFE,ITC,0.786
SBILIFE,JSWSTEEL,0.742
SBILIFE,KOTAKBANK,0.384
SBILIFE,LT,0.564
SBILIFE,M&M,0.732
SBILIFE,MARUTI,0.553
SBILIFE,NESTLEIND,0.283
SBILIFE,NTPC,0.818
SBILIFE,ONGC,0.746
SBILIFE,POWERGRID,0.751
SBILIFE,RELIANCE,0.516
SBILIFE,SBIN,0.582
SBILIFE,SHRIRAMFIN,0.896
SBILIFE,SUNPHARMA,0.856
SBILIFE,TATAMOTORS,0.623
SBILIFE,TATASTEEL,0.365
SBILIFE,TCS,0.86
SBILIFE,TECHM,0.833
SBILIFE,TITAN,0.269
SBILIFE,TRENT,0.865
SBILIFE,ULTRACEMCO,0.809
SBILIFE,WIPRO,0.718
SBIN,ADANIPORTS,0.925
SBIN,APOLLOHOSP,0.74
SBIN,ASIANPAINT,-0.427
SBIN,AXISBANK,0.773
SBIN,BAJAJ-AUTO,0.852
SBIN,BAJAJFINSV,0.127
SBIN,BAJFINANCE,-0.518
SBIN,BEL,0.925
SBIN,BPCL,0.898
SBIN,CIPLA,0.846
SBIN,COALINDIA,0.905
SBIN,DRREDDY,0.764
SBIN,EICHERMOT,0.868
SBIN,GRASIM,0.875
SBIN,HCLTECH,0.537
SBIN,HDFCBANK,0.32
SBIN,HDFCLIFE,0.114
SBIN,HEROMOTOCO,0.866
SBIN,HINDALCO,0.809
SBIN,HINDUNILVR,0.135
SBIN,ICICIBANK,0.867
SBIN,INDUSINDBK,-0.377
SBIN,INFY,0.504
SBIN,ITC,0.242
SBIN,JSWSTEEL,0.783
SBIN,KOTAKBANK,-0.095
SBIN,LT,0.741
SBIN,M&M,0.862
SBIN,MARUTI,0.841
SBIN,NESTLEIND,0.176
SBIN,NTPC,0.884
SBIN,ONGC,0.88
SBIN,POWERGRID,0.945
SBIN,RELIANCE,0.801
SBIN,SBILIFE,0.582
SBIN,SHRIRAMFIN,0.75
SBIN,SUNPHARMA,0.802
SBIN,TATAMOTORS,0.841
SBIN,TATASTEEL,0.877
SBIN,TCS,0.722
SBIN,TECHM,0.645
SBIN,TITAN,-0.054
SBIN,TRENT,0.782
SBIN,ULTRACEMCO,0.783
SBIN,WIPRO,0.762
SHRIRAMFIN,ADANIPORTS,0.794
SHRIRAMFIN,APOLLOHOSP,0.9
SHRIRAMFIN,ASIANPAINT,-0.03
SHRIRAMFIN,AXISBANK,0.741
SHRIRAMFIN,BAJAJ-AUTO,0.937
SHRIRAMFIN,BAJAJFINSV,0.618
SHRIRAMFIN,BAJFINANCE,-0.205
SHRIRAMFIN,BEL,0.842
SHRIRAMFIN,BPCL,0.835
SHRIRAMFIN,CIPLA,0.908
SHRIRAMFIN,COALINDIA,0.807
SHRIRAMFIN,DRREDDY,0.855
SHRIRAMFIN,EICHERMOT,0.819
SHRIRAMFIN,GRASIM,0.916
SHRIRAMFIN,HCLTECH,0.815
SHRIRAMFIN,HDFCBANK,0.606
SHRIRAMFIN,HDFCLIFE,0.586
SHRIRAMFIN,HEROMOTOCO,0.852
SHRIRAMFIN,HINDALCO,0.839
SHRIRAMFIN,HINDUNILVR,0.594
SHRIRAMFIN,ICICIBANK,0.934
SHRIRAMFIN,INDUSINDBK,-0.457
SHRIRAMFIN,INFY,0.849
SHRIRAMFIN,ITC,0.685
SHRIRAMFIN,JSWSTEEL,0.895
SHRIRAMFIN,KOTAKBANK,0.285
SHRIRAMFIN,LT,0.638
SHRIRAMFIN,M&M,0.894
SHRIRAMFIN,MARUTI,0.642
SHRIRAMFIN,NESTLEIND,0.167
SHRIRAMFIN,NTPC,0.923
SHRIRAMFIN,ONGC,0.785
SHRIRAMFIN,POWERGRID,0.881
SHRIRAMFIN,RELIANCE,0.586
SHRIRAMFIN,SBILIFE,0.896
SHRIRAMFIN,SBIN,0.75
SHRIRAMFIN,SUNPHARMA,0.937
SHRIRAMFIN,TATAMOTORS,0.653
SHRIRAMFIN,TATASTEEL,0.571
SHRIRAMFIN,TCS,0.819
SHRIRAMFIN,TECHM,0.914
SHRIRAMFIN,TITAN,0.123
SHRIRAMFIN,TRENT,0.971
SHRIRAMFIN,ULTRACEMCO,0.889
SHRIRAMFIN,WIPRO,0.826
SUNPHARMA,ADANIPORTS,0.833
SUNPHARMA,APOLLOHOSP,0.948
SUNPHARMA,ASIANPAINT,-0.21
SUNPHARMA,AXISBANK,0.621
SUNPHARMA,BAJAJ-AUTO,0.946
SUNPHARMA,BAJAJFINSV,0.519
SUNPHARMA,BAJFINANCE,-0.418
SUNPHARMA,BEL,0.805
SUNPHARMA,BPCL,0.909
SUNPHARMA,CIPLA,0.934
SUNPHARMA,COALINDIA,0.839
SUNPHARMA,DRREDDY,0.881
SUNPHARMA,EICHERMOT,0.778
SUNPHARMA,GRASIM,0.874
SUNPHARMA,HCLTECH,0.872
SUNPHARMA,HDFCBANK,0.438
SUNPHARMA,HDFCLIFE,0.516
SUNPHARMA,HEROMOTOCO,0.832
SUNPHARMA,HINDALCO,0.778
SUNPHARMA,HINDUNILVR,0.411
SUNPHARMA,ICICIBANK,0.916
SUNPHARMA,INDUSINDBK,-0.513
SUNPHARMA,INFY,0.826
SUNPHARMA,ITC,0.562
SUNPHARMA,JSWSTEEL,0.843
SUNPHARMA,KOTAKBANK,0.141
SUNPHARMA,LT,0.685
SUNPHARMA,M&M,0.841
SUNPHARMA,MARUTI,0.682
SUNPHARMA,NESTLEIND,0.135
SUNPHARMA,NTPC,0.941
SUNPHARMA,ONGC,0.833
SUNPHARMA,POWERGRID,0.888
SUNPHARMA,RELIANCE,0.632
SUNPHARMA,SBILIFE,0.856
SUNPHARMA,SBIN,0.802
SUNPHARMA,SHRIRAMFIN,0.937
SUNPHARMA,TATAMOTORS,0.727
SUNPHARMA,TATASTEEL,0.589
SUNPHARMA,TCS,0.869
SUNPHARMA,TECHM,0.868
SUNPHARMA,TITAN,0.161
SUNPHARMA,TRENT,0.945
SUNPHARMA,ULTRACEMCO,0.821
SUNPHARMA,WIPRO,0.873
TATAMOTORS,ADANIPORTS,0.917
TATAMOTORS,APOLLOHOSP,0.688
TATAMOTORS,ASIANPAINT,-0.247
TATAMOTORS,AXISBANK,0.597
TATAMOTORS,BAJAJ-AUTO,0.786
TATAMOTORS,BAJAJFINSV,0.088
TATAMOTORS,BAJFINANCE,-0.533
TATAMOTORS,BEL,0.761
TATAMOTORS,BPCL,0.897
TATAMOTORS,CIPLA,0.812
TATAMOTORS,COALINDIA,0.928
TATAMOTORS,DRREDDY,0.811
TATAMOTORS,EICHERMOT,0.676
TATAMOTORS,GRASIM,0.736
TATAMOTORS,HCLTECH,0.486
TATAMOTORS,HDFCBANK,0.061
TATAMOTORS,HDFCLIFE,0.062
TATAMOTORS,HEROMOTOCO,0.829
TATAMOTORS,HINDALCO,0.638
TATAMOTORS,HINDUNILVR,0.137
TATAMOTORS,ICICIBANK,0.666
TATAMOTORS,INDUSINDBK,-0.008
TATAMOTORS,INFY,0.47
TATAMOTORS,ITC,0.203
TATAMOTORS,JSWSTEEL,0.564
TATAMOTORS,KOTAKBANK,-0.015
TATAMOTORS,LT,0.78
TATAMOTORS,M&M,0.638
TATAMOTORS,MARUTI,0.821
TATAMOTORS,NESTLEIND,0.468
TATAMOTORS,NTPC,0.805
TATAMOTORS,ONGC,0.943
TATAMOTORS,POWERGRID,0.84
TATAMOTORS,RELIANCE,0.937
TATAMOTORS,SBILIFE,0.623
TATAMOTORS,SBIN,0.841
TATAMOTORS,SHRIRAMFIN,0.653
TATAMOTORS,SUNPHARMA,0.727
TATAMOTORS,TATASTEEL,0.8
TATAMOTORS,TCS,0.79
TATAMOTORS,TECHM,0.466
TATAMOTORS,TITAN,0.301
TATAMOTORS,TRENT,0.626
TATAMOTORS,ULTRACEMCO,0.696
TATAMOTORS,WIPRO,0.651
TATASTEEL,ADANIPORTS,0.834
TATASTEEL,APOLLOHOSP,0.521
TATASTEEL,ASIANPAINT,-0.357
TATASTEEL,AXISBANK,0.71
TATASTEEL,BAJAJ-AUTO,0.745
TATASTEEL,BAJAJFINSV,0.066
TATASTEEL,BAJFINANCE,-0.337
TATASTEEL,BEL,0.812
TATASTEEL,BPCL,0.768
TATASTEEL,CIPLA,0.698
TATASTEEL,COALINDIA,0.82
TATASTEEL,DRREDDY,0.547
TATASTEEL,EICHERMOT,0.763
TATASTEEL,GRASIM,0.72
TATASTEEL,HCLTECH,0.254
TATASTEEL,HDFCBANK,0.2
TATASTEEL,HDFCLIFE,-0.135
TATASTEEL,HEROMOTOCO,0.806
TATASTEEL,HINDALCO,0.775
TATASTEEL,HINDUNILVR,-0.006
TATASTEEL,ICICIBANK,0.672
TATASTEEL,INDUSINDBK,-0.066
TATASTEEL,INFY,0.206
TATASTEEL,ITC,0.047
TATASTEEL,JSWSTEEL,0.686
TATASTEEL,KOTAKBANK,-0.076
TATASTEEL,LT,0.712
TATASTEEL,M&M,0.736
TATASTEEL,MARUTI,0.876
TATASTEEL,NESTLEIND,0.347
TATASTEEL,NTPC,0.74
TATASTEEL,ONGC,0.738
TATASTEEL,POWERGRID,0.81
TATASTEEL,RELIANCE,0.803
TATASTEEL,SBILIFE,0.365
TATASTEEL,SBIN,0.877
TATASTEEL,SHRIRAMFIN,0.571
TATASTEEL,SUNPHARMA,0.589
TATASTEEL,TATAMOTORS,0.8
TATASTEEL,TCS,0.491
TATASTEEL,TECHM,0.378
TATASTEEL,TITAN,0.054
TATASTEEL,TRENT,0.586
TATASTEEL,ULTRACEMCO,0.634
TATASTEEL,WIPRO,0.523
TCS,ADANIPORTS,0.817
TCS,APOLLOHOSP,0.862
TCS,ASIANPAINT,-0.038
TCS,AXISBANK,0.596
TCS,BAJAJ-AUTO,0.823
TCS,BAJAJFINSV,0.417
TCS,BAJFINANCE,-0.416
TCS,BEL,0.723
TCS,BPCL,0.86
TCS,CIPLA,0.861
TCS,COALINDIA,0.82
TCS,DRREDDY,0.906
TCS,EICHERMOT,0.67
TCS,GRASIM,0.796
TCS,HCLTECH,0.827
TCS,HDFCBANK,0.334
TCS,HDFCLIFE,0.468
TCS,HEROMOTOCO,0.797
TCS,HINDALCO,0.639
TCS,HINDUNILVR,0.482
TCS,ICICIBANK,0.782
TCS,INDUSINDBK,-0.289
TCS,INFY,0.864
TCS,ITC,0.563
TCS,JSWSTEEL,0.686
TCS,KOTAKBANK,0.214
TCS,LT,0.702
TCS,M&M,0.689
TCS,MARUTI,0.574
TCS,NESTLEIND,0.29
TCS,NTPC,0.845
TCS,ONGC,0.862
TCS,POWERGRID,0.812
TCS,RELIANCE,0.719
TCS,SBILIFE,0.86
TCS,SBIN,0.722
TCS,SHRIRAMFIN,0.819
TCS,SUNPHARMA,0.869
TCS,TATAMOTORS,0.79
TCS,TATASTEEL,0.491
TCS,TECHM,0.792
TCS,TITAN,0.317
TCS,TRENT,0.796
TCS,ULTRACEMCO,0.812
TCS,WIPRO,0.858
TECHM,ADANIPORTS,0.659
TECHM,APOLLOHOSP,0.85
TECHM,ASIANPAINT,-0.031
TECHM,AXISBANK,0.681
TECHM,BAJAJ-AUTO,0.802
TECHM,BAJAJFINSV,0.565
TECHM,BAJFINANCE,-0.219
TECHM,BEL,0.777
TECHM,BPCL,0.697
TECHM,CIPLA,0.791
TECHM,COALINDIA,0.66
TECHM,DRREDDY,0.784
TECHM,EICHERMOT,0.767
TECHM,GRASIM,0.858
TECHM,HCLTECH,0.852
TECHM,HDFCBANK,0.691
TECHM,HDFCLIFE,0.688
TECHM,HEROMOTOCO,0.733
TECHM,HINDALCO,0.771
TECHM,HINDUNILVR,0.631
TECHM,ICICIBANK,0.887
TECHM,INDUSINDBK,-0.637
TECHM,INFY,0.921
TECHM,ITC,0.756
TECHM,JSWSTEEL,0.858
TECHM,KOTAKBANK,0.299
TECHM,LT,0.522
TECHM,M&M,0.845
TECHM,MARUTI,0.423
TECHM,NESTLEIND,-0.058
TECHM,NTPC,0.828
TECHM,ONGC,0.654
TECHM,POWERGRID,0.78
TECHM,RELIANCE,0.391
TECHM,SBILIFE,0.833
TECHM,SBIN,0.645
TECHM,SHRIRAMFIN,0.914
TECHM,SUNPHARMA,0.868
TECHM,TATAMOTORS,0.466
TECHM,TATASTEEL,0.378
TECHM,TCS,0.792
TECHM,TITAN,-0.023
TECHM,TRENT,0.928
TECHM,ULTRACEMCO,0.854
TECHM,WIPRO,0.84
TITAN,ADANIPORTS,0.215
TITAN,APOLLOHOSP,0.269
TITAN,ASIANPAINT,0.371
TITAN,AXISBANK,0.003
TITAN,BAJAJ-AUTO,0.2
TITAN,BAJAJFINSV,0.357
TITAN,BAJFINANCE,0.039
TITAN,BEL,-0.093
TITAN,BPCL,0.235
TITAN,CIPLA,0.193
TITAN,COALINDIA,0.175
TITAN,DRREDDY,0.172
TITAN,EICHERMOT,-0.112
TITAN,GRASIM,-0.033
TITAN,HCLTECH,0.306
TITAN,HDFCBANK,-0.096
TITAN,HDFCLIFE,0.051
TITAN,HEROMOTOCO,0.2
TITAN,HINDALCO,-0.011
TITAN,HINDUNILVR,0.093
TITAN,ICICIBANK,-0.03
TITAN,INDUSINDBK,0.558
TITAN,INFY,0.193
TITAN,ITC,0.087
TITAN,JSWSTEEL,0.026
TITAN,KOTAKBANK,0.386
TITAN,LT,0.463
TITAN,M&M,-0.156
TITAN,MARUTI,0.021
TITAN,NESTLEIND,0.644
TITAN,NTPC,0.164
TITAN,ONGC,0.158
TITAN,POWERGRID,0.025
TITAN,RELIANCE,0.358
TITAN,SBILIFE,0.269
TITAN,SBIN,-0.054
TITAN,SHRIRAMFIN,0.123
TITAN,SUNPHARMA,0.161
TITAN,TATAMOTORS,0.301
TITAN,TATASTEEL,0.054
TITAN,TCS,0.317
TITAN,TECHM,-0.023
TITAN,TRENT,0.013
TITAN,ULTRACEMCO,0.154
TITAN,WIPRO,0.192
TRENT,ADANIPORTS,0.779
TRENT,APOLLOHOSP,0.878
TRENT,ASIANPAINT,-0.093
TRENT,AXISBANK,0.735
TRENT,BAJAJ-AUTO,0.936
TRENT,BAJAJFINSV,0.576
TRENT,BAJFINANCE,-0.268
TRENT,BEL,0.863
TRENT,BPCL,0.838
TRENT,CIPLA,0.897
TRENT,COALINDIA,0.805
TRENT,DRREDDY,0.829
TRENT,EICHERMOT,0.865
TRENT,GRASIM,0.925
TRENT,HCLTECH,0.797
TRENT,HDFCBANK,0.616
TRENT,HDFCLIFE,0.587
TRENT,HEROMOTOCO,0.842
TRENT,HINDALCO,0.871
TRENT,HINDUNILVR,0.558
TRENT,ICICIBANK,0.948
TRENT,INDUSINDBK,-0.555
TRENT,INFY,0.824
TRENT,ITC,0.671
TRENT,JSWSTEEL,0.922
TRENT,KOTAKBANK,0.209
TRENT,LT,0.6
TRENT,M&M,0.929
TRENT,MARUTI,0.661
TRENT,NESTLEIND,0.081
TRENT,NTPC,0.925
TRENT,ONGC,0.767
TRENT,POWERGRID,0.89
TRENT,RELIANCE,0.535
TRENT,SBILIFE,0.865
TRENT,SBIN,0.782
TRENT,SHRIRAMFIN,0.971
TRENT,SUNPHARMA,0.945
TRENT,TATAMOTORS,0.626
TRENT,TATASTEEL,0.586
TRENT,TCS,0.796
TRENT,TECHM,0.928
TRENT,TITAN,0.013
TRENT,ULTRACEMCO,0.866
TRENT,WIPRO,0.813
ULTRACEMCO,ADANIPORTS,0.856
ULTRACEMCO,APOLLOHOSP,0.83
ULTRACEMCO,ASIANPAINT,0.017
ULTRACEMCO,AXISBANK,0.868
ULTRACEMCO,BAJAJ-AUTO,0.861
ULTRACEMCO,BAJAJFINSV,0.449
ULTRACEMCO,BAJFINANCE,-0.261
ULTRACEMCO,BEL,0.895
ULTRACEMCO,BPCL,0.805
ULTRACEMCO,CIPLA,0.853
ULTRACEMCO,COALINDIA,0.833
ULTRACEMCO,DRREDDY,0.835
ULTRACEMCO,EICHERMOT,0.844
ULTRACEMCO,GRASIM,0.921
ULTRACEMCO,HCLTECH,0.729
ULTRACEMCO,HDFCBANK,0.652
ULTRACEMCO,HDFCLIFE,0.476
ULTRACEMCO,HEROMOTOCO,0.902
ULTRACEMCO,HINDALCO,0.853
ULTRACEMCO,HINDUNILVR,0.586
ULTRACEMCO,ICICIBANK,0.885
ULTRACEMCO,INDUSINDBK,-0.317
ULTRACEMCO,INFY,0.797
ULTRACEMCO,ITC,0.632
ULTRACEMCO,JSWSTEEL,0.877
ULTRACEMCO,KOTAKBANK,0.39
ULTRACEMCO,LT,0.746
ULTRACEMCO,M&M,0.87
ULTRACEMCO,MARUTI,0.588
ULTRACEMCO,NESTLEIND,0.322
ULTRACEMCO,NTPC,0.902
ULTRACEMCO,ONGC,0.797
ULTRACEMCO,POWERGRID,0.896
ULTRACEMCO,RELIANCE,0.69
ULTRACEMCO,SBILIFE,0.809
ULTRACEMCO,SBIN,0.783
ULTRACEMCO,SHRIRAMFIN,0.889
ULTRACEMCO,SUNPHARMA,0.821
ULTRACEMCO,TATAMOTORS,0.696
ULTRACEMCO,TATASTEEL,0.634
ULTRACEMCO,TCS,0.812
ULTRACEMCO,TECHM,0.854
ULTRACEMCO,TITAN,0.154
ULTRACEMCO,TRENT,0.866
ULTRACEMCO,WIPRO,0.835
WIPRO,ADANIPORTS,0.799
WIPRO,APOLLOHOSP,0.907
WIPRO,ASIANPAINT,-0.231
WIPRO,AXISBANK,0.675
WIPRO,BAJAJ-AUTO,0.816
WIPRO,BAJAJFINSV,0.384
WIPRO,BAJFINANCE,-0.435
WIPRO,BEL,0.751
WIPRO,BPCL,0.807
WIPRO,CIPLA,0.839
WIPRO,COALINDIA,0.746
WIPRO,DRREDDY,0.821
WIPRO,EICHERMOT,0.664
WIPRO,GRASIM,0.796
WIPRO,HCLTECH,0.898
WIPRO,HDFCBANK,0.444
WIPRO,HDFCLIFE,0.388
WIPRO,HEROMOTOCO,0.79
WIPRO,HINDALCO,0.679
WIPRO,HINDUNILVR,0.335
WIPRO,ICICIBANK,0.846
WIPRO,INDUSINDBK,-0.453
WIPRO,INFY,0.828
WIPRO,ITC,0.421
WIPRO,JSWSTEEL,0.765
WIPRO,KOTAKBANK,0.227
WIPRO,LT,0.705
WIPRO,M&M,0.734
WIPRO,MARUTI,0.478
WIPRO,NESTLEIND,0.176
WIPRO,NTPC,0.839
WIPRO,ONGC,0.748
WIPRO,POWERGRID,0.808
WIPRO,RELIANCE,0.667
WIPRO,SBILIFE,0.718
WIPRO,SBIN,0.762
WIPRO,SHRIRAMFIN,0.826
WIPRO,SUNPHARMA,0.873
WIPRO,TATAMOTORS,0.651
WIPRO,TATASTEEL,0.523
WIPRO,TCS,0.858
WIPRO,TECHM,0.84
WIPRO,TITAN,0.192
WIPRO,TRENT,0.813
WIPRO,ULTRACEMCO,0.835
